Index,OID,LOI,OBN,TID,SID,TDA,CRS,OBA,STC,OTP,Class
1,0,1,0,1,0,0,0,0,0,0,0
2,0,0,0,1,1,0,0,0,1,0,1
3,1,2,0,0,0,0,0,0,0,0,0
4,0,1,1,1,0,0,0,0,0,1,1
5,1,0,1,1,0,0,0,0,1,0,1
6,1,0,0,0,0,0,0,0,1,0,1
7,2,0,1,1,0,0,0,0,1,0,1
8,1,1,0,1,0,0,0,0,0,1,0
9,2,1,0,1,0,0,0,0,1,0,1
10,2,1,1,1,0,0,0,0,1,0,1
11,2,0,1,1,0,0,0,0,0,1,1
12,1,1,0,1,0,0,0,0,1,0,1
13,2,0,0,1,0,0,0,0,1,0,1
14,1,0,0,1,0,0,0,0,1,0,0
15,2,0,1,1,0,0,0,0,0,1,0
16,2,0,1,1,0,0,0,0,0,1,1
17,2,1,0,1,0,0,0,0,1,0,1
18,1,1,0,1,1,1,0,0,1,0,1
19,1,0,1,1,0,0,0,0,0,1,1
20,1,1,1,1,0,0,0,0,1,0,1
21,1,0,0,1,0,0,1,0,1,0,1
22,1,1,1,1,0,0,0,0,1,0,1
23,1,1,1,1,0,0,1,1,0,1,1
24,2,0,0,1,0,0,0,0,1,0,1
25,1,1,0,1,1,0,0,1,1,0,1
26,1,1,0,0,1,0,0,0,1,0,1
27,1,0,1,0,1,0,0,0,0,0,0
28,2,1,0,1,1,0,0,0,1,0,1
29,1,0,1,0,1,0,0,0,0,3,1
30,0,0,0,1,0,0,0,1,1,0,1
31,2,2,2,2,1,0,0,0,0,1,1
32,2,0,1,1,0,0,0,0,1,0,1
33,2,0,0,1,0,0,0,0,1,0,1
34,1,0,0,1,0,0,0,0,1,0,1
35,2,0,0,1,0,0,0,0,1,0,1
36,4,0,0,1,0,0,0,0,1,0,1
37,2,0,0,1,0,0,0,0,1,0,1
38,1,0,0,1,0,0,0,0,1,0,1
39,1,0,0,1,0,0,0,0,0,0,1
40,1,0,0,1,0,0,0,0,1,0,1
41,1,0,1,1,0,0,1,0,1,0,0
42,2,0,2,1,0,0,0,0,1,0,1
43,2,0,1,1,0,0,0,0,0,1,0
44,1,0,1,1,0,0,0,0,1,0,1
45,1,0,1,1,1,0,0,0,0,1,1
46,1,1,0,1,0,0,0,0,1,1,1
47,1,1,0,1,0,0,0,1,1,0,1
48,2,0,0,1,0,0,0,0,1,0,1
49,1,0,1,1,1,0,0,1,1,0,1
50,1,0,1,1,1,0,0,0,0,1,0
51,1,1,1,1,0,0,0,0,0,1,0
52,1,0,1,1,1,0,0,0,0,1,0
53,1,0,0,1,0,0,0,0,1,0,1
54,0,0,0,1,0,0,0,0,1,4,1
55,1,0,0,1,0,0,0,0,1,0,1
56,1,0,1,1,0,0,0,0,1,0,0
57,0,0,0,1,0,0,0,0,0,1,0
58,0,0,0,1,0,0,0,0,1,1,1
59,1,1,0,1,0,1,0,0,0,0,0
60,0,0,0,1,0,0,0,0,1,6,1
61,0,0,0,1,0,1,0,0,0,1,1
62,0,0,1,1,0,0,0,0,1,0,0
63,0,0,0,1,0,0,0,0,0,1,0
64,0,0,0,0,0,0,0,0,0,1,0
65,0,0,0,1,0,0,0,0,0,1,0
66,2,2,0,0,0,0,0,0,1,0,1
67,0,0,0,1,0,0,0,0,1,0,1
68,1,1,0,0,0,0,0,0,1,0,1
69,0,1,0,1,0,0,0,0,0,0,0
70,0,0,0,1,0,0,0,0,0,1,0
71,1,0,1,1,0,0,0,0,1,0,0
72,0,0,1,1,1,0,0,0,0,0,1
73,0,0,1,1,0,0,0,0,0,1,0
74,0,0,1,1,0,0,0,0,0,1,0
75,0,0,1,1,0,0,0,0,1,0,1
76,0,0,1,1,0,0,0,0,0,1,1
77,0,0,0,1,0,0,0,0,0,1,1
78,1,0,1,1,1,0,0,0,1,0,1
79,0,0,1,1,0,0,0,0,0,1,1
80,0,0,0,1,0,0,0,0,1,1,1
81,0,0,1,1,0,0,0,0,1,1,1
82,0,0,0,1,0,0,0,0,0,3,0
83,0,1,0,1,0,0,1,0,0,0,0
84,0,0,0,2,0,1,1,0,0,0,0
85,0,0,0,1,0,0,0,0,0,0,0
86,2,1,0,1,0,0,0,2,0,1,0
87,0,0,0,0,0,0,1,0,0,1,0
88,0,0,0,0,0,0,1,0,0,0,1
89,0,0,0,0,0,0,1,1,0,0,0
90,0,0,0,0,0,0,0,0,0,0,0
91,0,0,0,1,0,0,1,0,1,0,0
92,0,1,0,0,0,0,0,1,0,0,0
93,0,0,0,0,0,0,1,2,0,0,0
94,0,0,0,0,0,0,0,2,0,3,0
95,0,0,1,1,0,0,0,0,0,1,0
96,0,0,0,0,0,0,1,2,0,0,1
97,0,0,0,1,0,0,0,0,0,0,0
98,0,0,0,1,0,0,0,0,1,0,1
99,0,0,0,1,1,0,0,0,0,1,0
100,0,0,0,1,0,0,0,1,0,0,0
101,0,0,1,1,0,0,0,0,0,1,0
102,0,0,0,1,0,0,1,0,0,0,0
103,1,0,0,1,0,0,0,0,0,0,0
104,0,0,0,0,0,0,1,0,0,0,0
105,0,0,1,1,0,0,0,0,0,1,0
106,1,1,0,0,0,0,1,0,0,0,0
107,0,0,0,1,0,0,1,0,0,0,0
108,0,0,1,1,0,0,0,0,1,0,0
109,0,0,0,1,0,0,1,0,0,0,0
110,0,0,1,1,1,0,0,0,0,1,0
111,0,0,0,1,0,0,1,0,0,0,0
112,0,0,0,1,0,0,1,4,0,1,0
113,0,0,0,0,0,0,1,0,0,0,0
114,0,0,1,1,0,0,0,0,0,0,0
115,0,0,0,1,0,0,0,0,0,1,0
116,0,0,0,1,0,0,0,0,0,1,0
117,0,0,0,0,0,0,0,0,0,0,1
118,0,0,0,1,0,0,0,0,0,3,1
119,0,0,0,1,0,0,0,0,0,1,0
120,0,0,0,1,0,0,0,0,0,1,0
121,0,0,0,1,0,0,0,0,0,1,0
122,0,0,0,0,0,0,0,1,0,1,0
123,0,0,0,0,0,0,0,0,0,1,0
124,0,0,0,0,0,0,1,1,0,0,0
125,0,0,0,0,0,0,1,0,0,0,0
126,0,0,0,0,0,0,1,0,0,0,0
127,0,0,0,1,0,0,1,0,0,0,0
128,0,0,0,1,1,0,1,0,0,0,0
129,0,0,0,1,0,0,1,0,0,0,0
130,0,0,0,1,0,0,1,0,0,0,0
131,0,0,0,1,0,0,0,0,0,1,0
132,0,0,1,1,0,0,0,0,0,0,0
133,0,0,0,1,0,0,0,0,0,1,0
134,0,0,0,1,0,0,0,0,0,0,0
135,0,0,0,1,0,0,0,0,0,1,0
136,0,1,0,1,0,0,0,1,0,0,0
137,0,0,0,1,0,0,1,0,0,0,0
138,0,0,0,1,0,0,1,0,0,0,0
139,0,0,0,1,0,0,1,0,1,0,0
140,0,0,0,1,0,0,0,0,0,1,1
141,0,0,0,1,0,0,0,0,0,1,0
142,0,0,1,1,0,0,0,0,1,0,0
143,0,0,3,3,0,0,0,0,0,0,0
144,0,0,1,1,0,0,1,0,1,0,0
145,0,0,0,1,0,0,1,0,0,1,1
146,0,0,0,1,0,0,0,0,1,0,1
147,0,0,0,1,0,0,1,0,0,0,0
148,0,0,0,1,0,0,0,0,0,1,0
149,1,1,0,1,0,0,0,0,0,0,1
150,0,0,0,1,1,0,1,0,0,0,1
151,0,0,1,1,0,0,0,0,1,1,0
152,0,0,0,1,1,0,0,0,1,1,0
153,0,0,0,1,0,0,0,0,0,1,0
154,0,0,0,1,0,0,1,0,0,0,0
155,0,0,0,1,0,0,0,0,0,1,0
156,0,0,0,1,0,0,0,0,0,0,0
157,0,0,0,0,0,0,1,0,0,1,0
158,0,0,1,1,0,0,1,0,0,0,0
159,0,0,0,1,0,0,0,0,0,0,0
160,0,0,0,0,0,0,1,1,0,0,0
161,0,0,1,1,0,0,0,0,0,1,0
162,0,0,1,1,0,0,0,0,0,0,0
163,0,0,0,1,0,0,1,1,0,0,0
164,0,0,1,1,0,0,0,0,0,0,0
165,0,0,0,1,0,0,0,0,0,1,0
166,0,0,1,1,0,0,0,0,1,0,0
167,0,0,0,1,0,0,0,0,0,1,0
168,0,0,0,1,0,0,0,0,0,1,1
169,0,0,0,1,0,0,0,0,0,1,0
170,0,0,1,1,0,0,1,0,1,0,0
171,2,2,0,1,0,0,0,0,0,1,0
172,0,0,1,1,0,1,1,0,0,0,0
173,1,2,1,1,1,0,0,0,0,1,0
174,0,1,0,1,0,0,0,0,1,0,1
175,0,2,0,1,1,0,0,0,1,1,1
176,0,2,1,0,0,0,0,0,1,2,1
177,1,2,0,0,0,0,0,0,1,0,1
178,0,2,1,1,0,0,0,0,1,2,1
179,0,0,0,0,0,1,0,0,0,0,1
180,2,1,0,0,0,0,0,0,0,0,0
181,1,0,0,1,0,0,0,0,0,0,0
182,1,1,0,1,0,0,0,0,0,0,1
183,2,0,0,0,0,0,0,0,0,0,1
184,0,0,0,0,0,0,0,0,0,4,1
185,2,1,0,1,0,0,0,0,0,0,0
186,0,0,0,1,1,0,0,0,1,0,1
187,1,1,1,1,0,0,0,0,1,0,0
188,0,1,0,1,0,0,0,0,0,0,0
189,1,1,0,0,0,0,0,0,0,0,0
190,1,1,0,0,0,0,0,0,0,0,0
191,0,0,0,1,1,0,0,0,0,1,1
192,0,1,0,1,0,0,0,0,0,1,1
193,0,0,0,0,0,0,0,0,0,1,0
194,1,1,1,1,0,0,0,0,1,0,1
195,0,0,0,0,1,0,0,0,0,1,1
196,1,0,0,0,0,1,0,0,0,0,1
197,0,1,0,1,0,0,0,0,0,0,0
198,0,0,0,0,0,0,0,0,0,0,0
199,0,0,1,0,0,0,0,0,0,1,0
200,0,0,0,1,0,0,0,0,0,1,1
201,0,0,0,0,0,0,0,0,0,0,0
202,1,0,0,1,0,0,0,0,0,0,1
203,1,0,0,1,0,1,0,0,1,0,1
204,2,0,0,1,1,0,0,0,1,0,1
205,0,0,0,1,0,0,0,0,0,1,0
206,1,0,0,0,0,0,0,0,0,0,0
207,0,1,0,0,0,0,0,0,0,2,1
208,1,0,0,1,0,0,0,0,1,0,1
209,0,0,0,1,2,0,0,0,1,0,0
210,2,0,0,1,1,0,0,0,1,0,0
211,0,0,0,1,0,1,0,0,0,0,0
212,0,1,0,1,0,0,0,0,0,0,1
213,3,0,2,1,0,0,0,0,1,0,1
214,2,0,0,2,1,0,0,0,0,2,0
215,0,0,1,1,0,0,0,0,0,0,0
216,1,1,0,0,0,0,0,0,0,0,0
217,0,0,0,1,0,0,0,0,0,4,0
218,1,1,1,1,0,0,0,0,1,0,1
219,0,0,0,1,0,0,0,0,0,1,1
220,0,1,1,1,1,0,0,0,0,1,0
221,2,0,0,0,1,0,0,0,0,2,0
222,1,1,0,1,0,0,0,0,1,0,0
223,0,0,0,0,0,0,0,0,0,1,1
224,1,1,1,1,0,0,0,0,0,0,0
225,0,0,0,0,0,0,0,0,0,0,0
226,0,0,0,1,0,0,0,0,0,1,0
227,2,0,0,1,2,0,0,0,1,2,1
228,0,0,0,1,0,0,0,0,0,1,0
229,2,2,0,1,0,0,0,0,0,0,1
230,2,0,0,0,0,1,0,0,0,0,1
231,1,0,0,1,0,0,0,0,0,2,0
232,1,0,0,0,0,1,0,0,1,0,1
233,0,0,0,0,0,0,1,0,0,1,1
234,2,2,0,1,0,1,0,0,0,0,0
235,0,0,0,0,0,0,1,0,1,1,1
236,2,1,0,0,0,0,0,0,1,0,1
237,2,2,0,1,0,0,0,0,1,0,1
238,2,0,0,0,0,1,0,0,0,0,1
239,0,0,0,0,0,0,0,0,1,0,1
240,0,0,0,1,0,0,2,0,0,0,1
241,0,0,0,1,0,0,0,0,0,1,1
242,0,0,0,0,0,0,1,0,0,1,1
243,2,2,0,1,0,0,0,0,0,0,0
244,2,2,0,1,0,0,1,0,0,0,1
245,0,0,0,0,0,0,1,0,1,0,1
246,1,0,0,1,0,0,1,0,1,0,1
247,2,2,0,1,0,0,0,0,0,0,1
248,2,0,0,1,0,0,0,0,0,0,0
249,2,2,0,2,0,0,1,0,0,0,0
250,2,2,0,1,0,0,0,0,0,0,1
251,0,0,0,0,0,0,1,0,1,0,1
252,0,0,0,0,0,0,0,0,1,0,1
253,0,0,0,1,0,0,0,0,0,1,0
254,2,2,0,1,0,0,0,0,0,0,1
255,2,0,0,1,0,0,0,0,0,0,1
256,0,2,0,1,0,0,0,0,1,0,1
257,0,0,0,0,0,0,0,0,1,0,1
258,2,2,0,1,0,0,0,0,0,0,1
259,0,2,0,1,0,0,0,0,1,0,1
260,0,2,0,1,0,0,0,0,1,0,1
261,0,0,0,0,0,0,0,0,1,0,0
262,0,0,0,0,0,0,1,0,0,1,1
263,0,0,0,0,0,0,2,0,1,0,0
264,2,2,0,2,0,0,0,0,1,0,1
265,0,0,0,0,0,0,1,0,1,0,1
266,2,2,0,1,0,0,0,0,0,0,1
267,0,0,0,1,0,0,0,0,0,1,1
268,0,0,0,1,0,0,0,0,0,1,1
269,2,0,0,2,0,0,1,0,0,0,1
270,2,0,0,0,0,1,0,0,0,0,1
271,2,2,0,0,0,1,0,0,0,0,1
272,2,0,0,0,0,0,1,0,0,0,1
273,2,2,0,2,0,1,0,0,0,0,1
274,0,0,0,0,0,0,0,0,1,0,1
275,0,2,0,1,0,0,0,0,0,1,1
276,2,0,0,1,0,0,0,0,0,0,0
277,2,0,0,2,0,0,1,0,1,0,0
278,1,1,0,0,0,0,0,0,0,1,1
279,1,0,0,1,0,0,0,0,1,1,1
280,2,0,0,2,0,0,1,0,0,0,1
281,1,1,0,0,0,0,0,0,1,0,1
282,2,1,0,0,0,0,0,0,0,1,1
283,1,0,0,1,1,1,1,0,1,0,1
284,2,2,0,1,0,0,0,0,1,0,1
285,0,0,0,0,0,0,0,0,1,2,1
286,1,1,0,1,0,0,0,1,1,0,1
287,2,0,0,1,0,0,0,0,0,1,1
288,1,0,1,0,0,0,0,0,1,1,1
289,0,0,0,1,0,0,0,0,0,2,1
290,1,0,1,0,0,0,0,0,1,1,1
291,0,0,0,1,0,0,0,0,0,1,1
292,0,0,0,2,0,0,1,0,1,0,1
293,2,0,0,2,0,0,1,0,1,1,1
294,1,0,0,1,0,0,1,0,0,3,0
295,1,2,0,0,0,0,1,0,1,0,1
296,1,1,0,0,0,0,0,0,1,0,1
297,2,0,0,2,0,0,0,0,1,1,1
298,0,0,0,1,0,0,0,0,1,3,1
299,1,0,0,2,0,0,0,0,1,0,1
300,1,0,0,1,0,0,1,0,1,0,1
301,2,0,0,1,0,0,0,0,1,0,1
302,0,0,0,1,0,0,0,2,1,1,0
303,1,1,0,0,0,0,0,0,0,4,1
304,1,1,0,0,0,0,0,0,1,0,1
305,2,0,0,1,0,0,0,0,1,0,1
306,0,0,0,0,0,0,1,1,0,1,0
307,2,0,0,2,0,0,0,0,0,0,1
308,1,1,0,1,0,1,0,0,0,3,1
309,1,1,0,1,0,0,0,0,1,0,1
310,1,1,0,1,0,0,0,0,1,0,1
311,0,0,0,0,0,0,0,0,0,1,1
312,1,0,0,1,0,0,0,0,1,1,1
313,1,1,0,1,0,0,0,0,1,0,1
314,0,2,0,0,0,1,0,0,0,0,0
315,0,0,0,2,0,0,0,0,1,1,1
316,2,0,0,1,0,0,0,0,1,2,1
317,1,1,1,1,0,0,0,0,0,5,1
318,2,2,0,1,0,0,0,0,0,0,1
319,2,0,0,0,0,1,0,0,0,0,0
320,2,0,0,1,0,0,0,0,1,1,1
321,2,0,0,2,0,0,0,0,1,1,1
322,1,0,0,1,0,0,1,0,1,0,0
323,2,0,0,1,0,0,0,0,1,1,1
324,1,0,0,1,0,1,0,0,0,1,1
325,1,0,0,0,0,0,0,0,1,0,0
326,1,0,1,1,0,0,0,0,1,2,1
327,2,1,0,1,0,0,0,0,1,0,1
328,1,1,0,0,0,0,0,0,1,0,1
329,1,1,0,0,0,0,0,0,1,0,1
330,0,0,0,0,0,0,1,0,0,0,1
331,1,1,0,0,0,0,0,0,1,0,1
332,4,0,0,1,0,0,0,0,0,0,1
333,0,0,0,1,0,1,0,2,0,1,0
334,2,1,0,2,0,0,1,0,0,0,0
335,2,0,0,2,0,0,1,1,1,0,0
336,2,0,0,1,0,1,0,0,1,0,1
337,3,1,0,1,0,0,0,0,1,0,1
338,16,0,0,0,0,0,0,0,0,0,1
339,2,0,0,1,0,1,0,0,0,0,1
340,0,0,0,1,0,0,1,0,1,0,1
341,2,2,0,1,0,0,0,0,0,0,1
342,2,0,0,1,0,0,0,0,1,0,1
343,0,0,0,0,0,0,1,0,0,1,1
344,2,1,0,0,0,0,0,0,1,0,1
345,2,0,0,1,0,1,0,0,1,0,1
346,1,0,0,0,0,0,1,0,1,0,1
347,0,0,0,0,0,0,0,0,0,4,1
348,0,0,0,0,0,0,0,0,1,0,1
349,1,0,1,1,0,0,0,0,0,0,0
350,0,0,0,1,0,0,0,0,0,1,0
351,0,0,0,1,0,0,0,0,0,1,0
352,0,0,0,1,0,0,0,0,0,1,0
353,0,0,0,1,0,0,0,0,0,1,0
354,0,0,2,2,0,0,0,0,0,1,0
355,0,0,2,2,0,0,0,0,0,2,0
356,0,1,1,1,0,0,0,0,0,1,0
357,0,0,0,2,0,0,0,0,0,1,1
358,1,1,1,1,0,0,0,0,0,1,0
359,0,0,0,1,0,1,0,0,0,1,0
360,0,0,0,1,0,0,0,0,0,1,0
361,0,0,1,1,0,0,0,0,0,2,0
362,1,0,1,0,0,0,0,0,1,3,1
363,0,0,0,1,0,0,0,1,0,0,0
364,1,0,1,1,0,0,0,0,0,1,0
365,1,0,0,1,0,0,0,0,1,0,0
366,0,0,0,1,0,0,0,0,0,1,0
367,0,0,1,1,0,0,1,0,0,1,0
368,0,0,0,1,0,0,0,0,0,1,0
369,0,0,2,2,0,0,0,0,0,1,0
370,0,1,1,1,0,0,0,0,0,1,0
371,0,0,0,1,0,0,0,0,0,1,0
372,0,1,1,1,0,0,0,0,0,1,0
373,2,0,2,2,1,0,0,0,0,3,0
374,0,0,0,1,0,0,0,0,0,1,0
375,0,0,1,2,0,0,0,0,0,1,0
376,0,0,2,0,0,0,0,0,0,2,0
377,0,0,2,2,0,0,0,0,0,2,0
378,0,0,0,0,0,0,0,0,0,1,0
379,1,1,0,1,0,0,0,0,1,0,0
380,0,0,0,1,0,0,1,0,0,0,0
381,1,2,1,1,0,0,0,0,0,1,0
382,1,1,1,1,0,0,0,0,0,0,0
383,0,1,1,1,0,0,0,0,1,0,0
384,1,0,1,1,0,0,0,0,0,1,0
385,1,0,0,1,0,0,0,0,0,0,0
386,0,0,0,0,1,0,0,0,0,1,0
387,0,0,0,1,0,0,0,0,0,1,0
388,0,0,0,0,0,0,0,0,0,1,0
389,0,1,0,0,0,0,0,0,0,1,0
390,0,0,0,0,0,0,2,0,0,0,0
391,0,0,1,0,0,0,0,0,0,1,0
392,0,0,0,1,0,0,0,0,0,1,0
393,0,0,0,1,0,0,0,1,0,1,0
394,1,0,0,1,0,0,0,0,1,0,0
395,0,0,0,1,0,0,0,0,0,0,0
396,1,0,0,1,0,0,0,0,1,0,0
397,0,1,1,1,0,0,0,0,0,0,0
398,1,0,0,1,0,0,0,0,1,0,0
399,0,0,0,1,0,0,0,0,0,0,0
400,0,0,0,0,0,0,2,0,0,0,0
401,1,1,0,0,0,0,0,0,0,0,0
402,0,0,0,0,0,0,2,0,0,0,0
403,0,0,1,0,0,0,0,8,0,0,0
404,1,0,1,0,0,0,1,0,0,1,0
405,0,0,0,1,0,0,0,0,0,1,1
406,0,0,0,1,0,0,0,0,0,1,1
407,0,0,0,1,0,0,0,1,0,1,0
408,2,0,2,2,0,1,0,0,0,0,0
409,1,0,1,1,0,0,1,0,0,1,0
410,1,1,0,1,0,0,0,0,0,0,0
411,0,1,0,1,0,0,0,0,0,1,0
412,0,0,1,0,0,0,0,2,0,1,0
413,0,0,1,0,0,0,0,0,0,1,0
414,0,0,0,1,0,0,0,0,0,1,0
415,0,0,0,1,0,0,0,0,0,0,0
416,2,1,3,2,0,0,0,0,0,0,0
417,1,0,0,1,0,0,0,0,0,0,0
418,0,1,0,1,0,0,0,0,0,1,0
419,1,0,1,1,0,0,0,0,0,1,0
420,2,1,1,0,0,0,0,0,0,0,0
421,0,0,0,1,0,0,0,0,0,0,0
422,1,0,1,1,0,0,0,0,0,0,0
423,1,0,0,1,0,0,0,0,1,0,0
424,0,0,1,0,0,0,0,0,1,1,0
425,1,0,1,1,0,0,0,0,0,0,0
426,2,0,2,2,0,0,0,0,0,0,0
427,1,0,0,1,0,1,0,0,0,0,0
428,1,1,0,0,0,0,1,0,0,1,1
429,1,0,0,0,0,0,0,0,0,0,0
430,1,0,0,0,0,0,0,0,0,0,1
431,2,0,1,1,0,0,0,0,0,0,0
432,1,0,0,1,0,0,0,0,1,0,0
433,1,0,1,1,0,0,0,0,1,0,1
434,1,0,0,1,0,0,0,0,1,0,0
435,1,0,0,1,0,0,0,0,0,0,0
436,1,0,0,1,0,0,0,0,1,0,0
437,0,0,0,0,0,0,0,1,0,0,0
438,0,0,0,1,0,0,0,0,0,2,0
439,0,0,0,1,0,0,0,0,0,1,0
440,1,0,0,1,0,0,0,0,0,0,1
441,0,0,1,1,0,1,0,1,0,0,0
442,1,0,1,1,0,0,0,0,0,0,0
443,0,0,0,1,0,0,0,0,0,1,1
444,0,0,0,2,0,0,0,0,1,2,1
445,1,0,0,1,0,1,0,0,1,0,1
446,1,0,0,0,0,1,0,0,2,0,1
447,2,1,0,1,0,0,0,0,0,0,1
448,2,2,0,1,1,0,0,0,0,1,1
449,2,1,0,1,0,0,0,0,1,0,1
450,0,0,0,1,0,0,0,0,1,1,1
451,1,1,0,1,0,0,0,1,1,0,0
452,1,1,0,1,0,0,0,0,1,0,1
453,1,2,0,1,0,0,0,0,1,0,1
454,1,0,0,1,0,0,0,0,1,0,1
455,0,0,0,1,0,0,0,0,0,0,1
456,0,0,0,1,0,0,0,0,0,1,0
457,0,0,0,1,0,0,0,0,0,1,1
458,1,0,0,1,0,0,0,0,1,0,1
459,1,0,0,2,0,0,0,0,1,0,1
460,2,1,0,1,0,0,0,0,1,0,1
461,0,1,1,0,0,0,0,0,0,0,1
462,0,0,1,1,0,0,0,0,1,1,0
463,0,0,0,1,1,0,0,1,0,1,0
464,0,0,0,1,0,0,2,0,0,0,0
465,1,0,0,1,0,0,0,0,0,0,1
466,0,0,0,1,1,0,0,0,1,1,0
467,0,0,0,1,1,0,0,0,0,1,1
468,0,0,0,0,1,0,0,0,0,1,1
469,0,0,0,2,1,1,1,0,0,2,0
470,0,0,0,1,0,0,0,0,0,1,0
471,0,0,0,2,0,0,0,0,0,1,0
472,0,0,0,0,1,0,0,0,0,0,1
473,0,0,0,1,0,0,0,0,0,0,0
474,0,0,0,1,0,0,0,2,0,0,0
475,0,0,0,1,0,0,0,0,0,1,0
476,0,0,1,0,0,0,0,0,0,1,0
477,0,0,0,1,0,1,0,0,0,1,1
478,0,0,0,1,0,0,0,0,0,1,0
479,0,0,1,1,1,0,0,0,0,1,1
480,0,0,1,1,1,0,0,0,1,1,1
481,0,0,0,0,0,1,0,0,0,2,0
482,0,0,0,1,1,0,0,0,0,1,1
483,0,0,0,1,1,0,0,0,0,0,0
484,0,0,0,1,0,0,0,0,0,1,0
485,0,0,0,1,1,0,0,0,0,1,1
486,0,0,0,2,0,0,0,0,0,0,0
487,2,1,1,1,0,0,0,0,1,0,1
488,0,0,1,1,0,0,0,0,0,1,0
489,0,0,1,1,1,0,0,0,0,0,0
490,1,1,1,1,1,0,0,0,1,0,1
491,0,0,1,1,1,0,0,0,0,1,0
492,0,0,1,1,1,0,0,0,0,0,0
493,0,0,1,2,0,1,0,0,0,1,0
494,1,1,0,1,1,0,0,0,0,0,1
495,0,0,0,1,0,1,0,0,0,0,0
496,0,0,1,1,0,0,0,0,0,1,0
497,0,0,1,1,1,0,0,0,0,0,0
498,0,0,0,1,0,0,0,0,0,2,0
499,0,0,1,1,1,0,0,0,0,0,1
500,0,0,0,1,0,0,0,0,0,0,0
501,0,2,0,1,0,0,0,0,0,0,0
502,0,0,0,1,0,1,0,0,1,0,0
503,0,0,2,1,1,0,0,0,0,0,0
504,0,0,0,1,0,0,0,0,0,1,0
505,1,0,0,1,0,0,0,0,1,0,1
506,0,0,0,1,0,0,0,0,0,1,0
507,0,0,0,1,0,0,0,0,0,1,1
508,0,0,0,0,0,0,0,0,1,1,1
509,0,0,0,2,0,0,2,0,1,0,1
510,0,0,0,1,0,0,0,0,0,0,0
511,0,0,0,0,0,0,0,0,0,1,0
512,0,0,0,0,0,0,0,0,0,1,0
513,0,0,0,1,0,0,0,0,1,1,1
514,0,1,0,1,0,0,0,0,1,0,0
515,0,0,0,1,0,1,0,0,0,1,0
516,1,0,0,1,0,0,1,0,1,0,1
517,0,0,0,1,0,0,0,0,1,1,1
518,0,0,0,1,4,0,0,0,0,0,0
519,1,0,1,1,1,0,0,0,0,1,1
520,0,0,0,1,0,0,0,0,0,1,0
521,1,1,1,1,0,0,0,0,0,0,1
522,0,0,0,1,0,0,0,0,0,0,0
523,0,0,1,1,1,0,1,0,0,0,0
524,1,1,0,1,0,0,0,0,1,0,1
525,0,0,0,1,1,0,0,0,1,0,1
526,1,0,0,1,0,0,0,0,1,0,1
527,0,0,0,1,0,0,0,0,0,1,0
528,0,0,0,1,0,0,0,0,1,1,1
529,0,0,0,1,0,0,0,0,0,1,0
530,0,0,0,1,0,0,0,0,0,1,0
531,0,0,1,1,1,0,0,0,0,0,0
532,0,0,0,1,0,0,0,0,1,1,1
533,0,0,2,2,1,0,0,0,0,2,0
534,0,0,0,1,0,2,0,0,0,0,0
535,0,0,0,1,0,0,0,0,0,0,0
536,0,1,0,1,0,0,0,0,0,0,0
537,0,0,1,1,0,0,0,0,1,0,0
538,0,0,0,1,0,0,0,0,0,1,0
539,2,0,2,1,0,0,0,0,1,0,1
540,0,0,0,2,0,0,0,0,0,0,0
541,0,0,0,1,0,0,0,0,0,1,0
542,0,0,0,0,0,1,0,0,0,0,0
543,2,1,0,0,0,0,0,0,1,0,1
544,0,0,0,0,0,0,0,9,0,0,0
545,2,0,0,0,0,0,0,0,0,0,1
546,1,0,1,1,0,0,0,0,1,0,1
547,5,0,0,1,0,0,0,0,0,1,0
548,0,0,1,1,0,0,0,0,0,1,1
549,0,0,0,1,0,0,0,0,1,1,1
550,0,0,0,1,0,0,0,0,1,1,1
551,0,0,0,0,0,0,0,0,1,1,1
552,0,0,0,1,0,0,0,0,1,0,1
553,0,0,0,1,0,0,0,0,0,2,1
554,0,0,0,1,0,0,0,0,0,2,0
555,0,0,0,1,0,0,0,0,0,1,1
556,0,0,0,0,0,1,0,1,0,2,0
557,0,0,0,1,0,0,0,0,0,0,0
558,0,0,0,1,0,0,0,0,0,0,0
559,0,0,1,1,0,1,0,0,0,0,0
560,2,1,0,1,0,0,0,0,1,3,1
561,0,0,0,0,0,0,0,1,0,1,0
562,0,0,0,1,0,0,0,0,1,1,1
563,0,0,0,1,0,0,0,0,1,1,0
564,0,0,1,1,0,0,0,0,0,1,0
565,1,0,0,1,0,0,0,0,0,1,0
566,0,0,0,2,1,1,0,0,0,1,0
567,0,0,0,2,0,0,0,0,0,0,0
568,0,0,0,1,0,0,0,0,0,1,0
569,0,0,0,1,0,0,0,0,1,1,1
570,0,1,0,1,1,0,0,0,0,0,0
571,0,1,0,1,0,0,1,0,0,0,1
572,0,0,0,1,0,0,0,0,1,0,1
573,0,0,0,1,0,0,0,0,0,2,0
574,0,0,1,1,1,0,0,0,0,1,1
575,0,0,0,0,0,0,0,0,0,0,0
576,2,0,1,1,0,0,0,0,0,1,0
577,2,0,0,1,0,0,0,0,0,1,0
578,2,0,0,1,0,0,0,0,0,1,0
579,0,0,0,1,0,0,0,0,0,2,1
580,0,0,0,1,0,0,0,0,1,2,1
581,1,0,0,1,0,0,0,0,1,0,1
582,0,0,0,0,0,0,0,0,1,0,1
583,1,0,0,1,0,0,0,0,1,0,1
584,0,0,0,1,0,0,0,0,1,0,1
585,0,0,0,1,0,0,0,0,0,1,1
586,0,0,0,1,1,1,0,0,0,1,0
587,0,0,1,1,1,0,0,0,0,0,0
588,1,0,0,1,0,0,0,0,0,1,1
589,2,0,0,1,0,0,0,0,1,1,1
590,2,1,0,1,0,0,0,0,0,1,0
591,0,0,0,1,0,1,1,1,1,0,0
592,0,0,0,1,0,0,0,0,1,1,1
593,0,0,0,1,0,0,0,0,0,0,0
594,0,0,0,1,0,0,0,0,0,1,1
595,0,0,0,1,0,0,0,0,0,1,0
596,0,0,0,0,0,0,0,0,0,0,0
597,1,0,0,1,0,0,0,0,1,0,1
598,0,0,0,1,0,0,0,0,0,1,1
599,0,0,0,1,0,0,0,0,0,1,1
600,0,0,0,0,0,0,0,0,0,0,0
601,0,0,1,1,0,0,0,0,0,2,0
602,0,0,0,0,0,0,0,0,0,1,0
603,0,0,0,1,0,0,0,0,0,0,0
604,0,0,0,1,0,0,0,0,0,0,0
605,0,0,1,1,0,1,0,0,0,0,0
606,0,0,0,2,0,0,0,0,0,1,1
607,0,0,1,1,0,0,0,0,0,0,0
608,0,0,0,0,0,0,0,0,0,1,0
609,0,0,0,1,0,0,0,0,0,0,0
610,0,0,0,1,0,0,0,0,0,1,0
611,0,0,0,1,0,0,0,0,0,1,0
612,0,0,0,0,0,0,0,7,0,0,0
613,0,0,0,1,0,0,0,1,0,1,0
614,1,0,1,1,0,0,0,0,1,0,0
615,2,0,0,1,0,0,0,0,0,1,0
616,0,0,0,1,0,0,0,0,0,1,0
617,1,0,0,0,0,0,0,0,1,0,1
618,0,1,1,1,0,0,0,1,1,0,1
619,0,1,0,0,0,0,0,0,0,4,1
620,0,0,0,1,0,0,0,0,0,2,1
621,0,0,0,0,0,0,0,0,0,0,0
622,0,0,0,1,0,0,0,35,0,0,0
623,0,0,0,1,0,0,0,0,0,1,0
624,0,0,1,0,0,0,0,0,0,1,1
625,1,0,0,1,0,0,0,0,1,0,1
626,0,0,0,0,0,0,0,0,0,3,1
627,0,0,2,0,0,0,0,0,0,2,0
628,0,0,1,1,0,0,0,0,1,1,1
629,0,0,0,1,0,0,0,0,0,4,0
630,1,0,0,0,1,0,0,0,0,1,0
631,0,0,1,1,0,0,0,0,1,0,0
632,0,0,1,1,0,0,0,0,1,1,1
633,1,0,1,0,0,1,0,0,0,1,0
634,2,1,0,1,0,0,0,0,1,1,0
635,0,0,0,0,0,0,0,0,0,1,0
636,0,0,1,1,0,0,0,0,0,0,1
637,1,1,0,1,0,0,0,0,1,0,0
638,0,0,0,1,0,1,0,0,0,0,1
639,0,0,1,0,1,0,1,0,0,1,1
640,0,0,1,0,0,0,1,0,1,0,1
641,1,1,0,1,0,0,0,0,1,0,1
642,2,1,0,0,0,0,0,0,1,0,1
643,0,1,1,1,0,0,0,0,0,1,0
644,0,0,0,1,0,0,0,1,0,1,0
645,0,0,0,0,0,2,1,0,0,1,0
646,0,0,0,1,0,0,0,0,1,1,1
647,0,0,0,1,0,0,0,0,0,0,0
648,0,0,0,1,0,0,1,0,1,0,1
649,0,0,1,1,0,0,0,0,0,0,0
650,1,0,0,0,0,1,0,0,0,0,0
651,0,0,0,1,0,0,0,0,0,4,0
652,0,0,0,1,0,0,0,0,0,1,0
653,0,0,0,1,1,0,0,1,0,1,0
654,0,0,0,1,0,0,0,0,0,1,0
655,2,0,1,1,0,0,1,4,0,0,0
656,0,0,0,0,0,0,0,0,0,0,1
657,0,0,0,2,1,0,0,0,0,2,1
658,0,0,0,1,0,0,0,0,0,1,0
659,0,0,1,1,0,0,0,0,0,1,1
660,1,0,0,0,0,0,0,0,1,0,1
661,0,0,0,0,0,0,1,0,0,1,0
662,0,0,0,1,0,0,0,1,0,1,1
663,0,0,0,0,0,0,0,7,0,0,0
664,0,0,0,1,0,0,0,0,0,1,0
665,0,0,0,1,0,0,0,1,1,0,0
666,0,0,0,0,0,0,0,0,0,0,0
667,0,0,0,1,0,0,0,0,0,1,0
668,2,0,0,1,0,0,0,0,0,1,0
669,0,0,0,1,1,0,0,0,1,0,1
670,0,0,1,1,0,1,0,0,0,0,1
671,0,0,0,2,0,0,0,0,1,1,1
672,1,0,0,1,0,0,0,0,1,0,0
673,0,0,0,1,0,0,0,0,0,1,0
674,2,0,1,1,0,0,0,0,0,1,0
675,2,0,0,1,0,0,0,0,0,1,0
676,1,1,0,1,0,0,0,0,1,1,0
677,0,0,0,1,0,0,0,0,0,1,1
678,1,0,0,0,0,0,0,0,1,0,1
679,0,0,1,1,0,0,0,0,0,1,0
680,1,0,0,1,0,0,0,0,1,0,1
681,1,0,0,1,0,0,0,0,1,0,1
682,1,0,0,1,0,0,0,0,0,0,1
683,0,0,0,1,0,0,0,0,0,1,0
684,0,0,0,1,0,1,0,0,0,0,0
685,1,0,0,2,0,0,0,0,1,0,1
686,0,0,0,0,0,0,0,0,1,0,1
687,0,0,0,0,0,1,0,0,0,1,0
688,0,0,1,1,0,0,0,0,0,2,1
689,0,0,2,1,0,0,0,0,1,3,1
690,0,2,1,1,0,0,0,0,0,2,1
691,0,0,0,0,0,0,0,0,0,0,0
692,0,0,1,1,0,0,0,0,0,1,1
693,0,0,0,0,0,1,0,0,0,1,0
694,1,1,0,3,0,0,0,0,0,0,1
695,0,0,0,1,0,0,0,0,0,2,1
696,0,0,0,1,0,0,0,0,1,0,1
697,0,0,0,0,0,0,1,0,1,1,1
698,0,0,0,1,0,0,0,0,1,2,1
699,0,0,0,1,0,0,0,0,0,1,0
700,0,0,1,1,0,0,0,0,0,1,0
701,0,0,0,0,0,1,0,0,0,2,0
702,0,0,0,1,0,0,0,2,0,0,0
703,0,0,0,1,1,0,0,0,0,1,0
704,1,0,1,1,0,0,0,0,0,1,0
705,0,0,0,1,0,0,0,0,0,1,0
706,2,0,1,1,0,0,0,0,0,1,0
707,0,0,1,1,0,0,0,0,0,0,0
708,1,0,1,0,1,0,0,0,0,0,1
709,0,0,0,1,1,0,0,0,0,0,0
710,0,0,1,0,0,1,0,0,1,0,1
711,0,0,0,1,1,1,0,0,0,1,0
712,0,0,0,1,0,0,0,0,0,1,0
713,0,0,0,1,0,0,0,1,0,7,0
714,0,0,0,1,0,1,0,0,0,0,0
715,0,0,1,1,0,0,0,0,0,1,0
716,0,0,1,1,0,0,0,0,0,0,0
717,0,0,0,0,0,0,0,0,0,1,0
718,1,0,0,0,0,0,0,0,1,0,1
719,0,1,0,1,0,0,0,0,0,0,1
720,0,0,1,0,0,0,0,0,1,1,1
721,2,1,0,0,0,0,0,0,0,1,0
722,1,0,1,1,1,0,0,0,0,0,1
723,0,0,1,1,1,0,0,0,1,1,1
724,0,0,0,1,0,0,0,0,0,5,0
725,0,0,1,1,1,0,0,0,0,1,0
726,0,0,0,1,0,0,0,5,0,1,0
727,0,0,0,0,0,4,0,0,0,0,0
728,0,0,0,1,0,0,0,1,1,0,0
729,0,0,0,2,0,1,0,0,0,3,0
730,0,0,1,1,0,0,0,0,0,0,0
731,0,0,0,1,0,0,0,0,0,2,0
732,0,0,0,1,0,0,0,0,0,1,0
733,0,0,0,1,0,0,0,0,0,1,0
734,2,1,0,1,0,0,0,0,0,2,1
735,0,0,0,1,0,0,0,0,0,1,0
736,0,0,0,0,0,1,0,0,0,0,0
737,0,0,0,1,0,1,0,0,0,0,0
738,0,0,0,1,0,0,0,1,0,0,0
739,0,0,1,1,0,0,0,0,0,0,0
740,0,0,0,1,0,0,0,0,0,1,0
741,1,0,0,1,0,0,0,0,0,0,0
742,2,0,0,1,0,0,0,0,2,1,1
743,0,0,1,1,0,0,0,0,1,0,1
744,0,0,0,1,0,0,0,0,0,1,1
745,0,0,0,1,0,0,0,0,0,1,0
746,0,0,1,1,0,0,0,0,0,1,0
747,0,0,1,1,0,0,0,0,0,0,0
748,0,0,0,1,0,0,0,0,0,1,1
749,0,1,0,0,0,0,0,0,0,1,0
750,0,0,0,0,0,0,0,0,0,1,0
751,1,1,1,1,0,0,0,0,0,1,0
752,1,1,1,1,0,0,0,0,0,1,1
753,1,0,0,1,0,0,0,0,1,1,1
754,0,0,0,1,0,0,0,0,0,1,0
755,0,0,3,2,1,0,0,0,0,1,1
756,0,0,0,1,0,0,0,0,0,1,0
757,1,1,0,1,0,0,0,0,1,0,1
758,0,0,0,1,0,0,0,0,0,1,0
759,0,0,0,1,0,1,0,0,1,0,1
760,0,0,0,1,0,0,0,0,0,0,0
761,0,0,0,0,0,1,0,0,1,0,0
762,2,1,0,1,0,0,0,0,0,1,0
763,1,1,0,1,0,0,0,0,0,0,0
764,0,2,1,1,0,0,0,0,0,1,1
765,2,1,0,1,0,0,0,0,0,0,1
766,1,0,0,1,0,0,0,0,1,1,1
767,0,0,1,1,0,0,0,0,0,1,1
768,0,0,0,1,0,0,0,0,1,1,1
769,0,0,0,1,0,0,0,0,1,3,1
770,0,0,0,1,0,0,0,0,1,0,1
771,0,0,0,0,0,0,0,0,0,0,1
772,0,0,2,0,0,0,0,0,0,4,0
773,1,0,0,1,0,0,0,0,0,0,0
774,0,0,1,1,0,0,0,0,0,0,0
775,0,0,0,1,0,0,0,0,0,1,1
776,0,0,0,0,0,0,0,0,0,1,0
777,1,0,0,1,0,0,0,0,1,0,1
778,3,0,2,2,0,0,0,0,1,1,0
779,0,0,0,1,0,0,0,0,1,0,1
780,1,0,0,1,0,0,0,0,0,0,0
781,1,0,1,1,0,0,0,0,0,1,1
782,0,0,0,1,0,0,0,0,0,1,1
783,0,0,0,1,0,1,0,0,1,0,1
784,0,0,0,1,0,0,0,0,1,0,1
785,0,0,1,0,0,0,0,0,0,1,1
786,0,0,0,1,0,0,0,0,1,1,1
787,0,0,0,1,0,0,0,0,1,1,1
788,0,0,0,1,0,0,0,0,1,1,1
789,0,0,0,1,0,0,0,0,1,2,1
790,0,0,0,1,0,0,0,0,0,1,1
791,0,0,3,3,0,0,0,0,0,2,1
792,0,0,0,0,1,1,0,0,1,1,1
793,0,0,0,1,0,0,0,1,0,0,0
794,0,0,0,1,0,0,0,5,0,0,0
795,0,0,1,0,0,0,0,0,0,0,1
796,0,0,0,1,0,0,0,0,0,0,0
797,0,0,0,0,0,0,0,0,1,1,1
798,0,0,0,1,0,1,0,0,0,0,0
799,10,20,0,0,0,0,0,0,0,0,1
800,2,0,0,1,0,0,0,0,0,1,0
801,0,1,1,1,0,0,0,0,0,0,0
802,0,0,0,0,0,0,0,0,0,1,0
803,0,0,0,1,1,0,0,0,0,0,0
804,1,0,0,1,0,1,0,0,0,0,0
805,0,0,0,1,0,0,0,3,0,1,0
806,0,0,0,1,0,0,0,0,0,1,0
807,0,0,0,1,0,0,0,0,0,1,0
808,1,0,0,1,0,0,0,1,0,1,0
809,0,0,0,0,0,0,0,0,0,1,0
810,0,0,1,0,0,0,0,0,0,1,0
811,0,0,1,1,0,0,0,1,0,1,0
812,0,0,0,1,0,0,0,1,0,1,0
813,0,0,0,0,0,0,0,4,0,0,0
814,0,0,0,1,0,0,0,0,0,0,1
815,0,0,0,1,1,0,0,0,0,0,0
816,0,0,0,0,0,0,0,0,0,2,0
817,0,0,0,1,0,0,0,0,0,1,0
818,1,0,0,1,0,0,0,0,0,1,0
819,0,0,1,0,0,0,0,0,0,1,1
820,1,0,0,1,0,0,0,1,0,0,0
821,0,0,0,0,0,1,0,0,0,1,1
822,0,0,1,0,0,0,0,0,0,1,0
823,0,0,0,1,0,0,0,0,0,1,0
824,0,0,0,1,0,0,0,0,0,1,0
825,0,0,0,1,0,0,0,1,0,4,0
826,3,0,0,0,0,0,0,0,0,0,0
827,0,0,0,1,0,1,0,0,1,0,1
828,0,0,0,1,0,0,0,2,1,0,1
829,1,0,0,1,0,0,0,0,0,0,1
830,1,0,0,1,0,1,0,1,0,0,0
831,1,0,1,1,0,0,0,0,0,1,0
832,0,0,0,1,0,0,0,0,1,2,1
833,1,0,1,1,0,1,0,0,0,0,0
834,0,0,0,1,0,0,0,0,0,1,0
835,0,0,0,1,0,0,0,0,0,1,1
836,0,0,0,1,0,0,0,0,0,4,0
837,0,0,0,1,0,0,0,0,0,2,0
838,0,0,0,1,0,0,0,2,0,1,0
839,1,0,1,1,0,0,0,0,0,1,0
840,0,0,0,1,0,0,0,0,0,2,1
841,1,0,1,1,0,0,0,0,0,1,1
842,0,0,0,6,0,0,0,0,0,2,0
843,0,0,0,1,1,0,0,0,0,0,1
844,0,0,0,1,1,0,0,0,0,1,0
845,0,0,0,1,0,0,0,0,0,1,0
846,0,0,0,1,1,0,0,0,0,1,0
847,1,0,0,0,0,0,0,0,0,4,0
848,0,0,0,1,0,0,0,0,0,2,1
849,1,0,1,1,0,0,0,0,0,0,1
850,1,0,1,0,0,1,0,0,0,0,1
851,0,0,0,1,0,0,0,0,0,1,0
852,1,0,1,1,0,2,0,0,0,0,0
853,0,0,0,0,0,0,0,0,0,1,0
854,1,0,0,1,0,0,0,0,1,0,0
855,1,0,1,1,0,0,0,0,1,0,0
856,0,0,0,1,0,1,0,0,0,2,1
857,0,0,0,2,0,0,0,0,0,2,0
858,0,0,0,1,0,0,0,1,1,0,0
859,0,0,1,1,0,0,0,0,0,1,0
860,0,0,0,1,0,0,0,0,0,1,0
861,1,0,1,1,0,0,0,0,0,0,0
862,1,0,1,1,0,0,0,0,0,0,0
863,1,0,0,0,0,0,0,0,1,1,0
864,1,0,1,1,0,0,0,0,0,0,1
865,1,0,0,0,0,0,0,0,0,1,0
866,0,0,0,0,0,0,0,0,0,1,0
867,0,0,1,0,0,0,0,0,0,1,0
868,0,0,0,0,0,0,0,0,0,1,0
869,0,0,1,1,0,0,0,0,0,1,0
870,1,0,0,0,0,0,0,0,0,1,0
871,0,0,0,1,0,0,0,1,0,0,0
872,1,0,1,1,0,0,0,0,0,3,0
873,1,0,1,0,0,1,0,0,0,0,1
874,1,0,1,1,0,0,0,0,0,1,1
875,0,0,0,0,0,1,0,0,0,1,0
876,1,0,1,1,0,0,0,0,0,0,0
877,1,0,0,0,0,0,0,0,0,0,0
878,1,0,1,1,0,0,0,0,0,1,0
879,1,0,1,1,0,0,0,0,1,1,1
880,1,1,1,0,0,0,0,0,0,0,1
881,0,0,1,1,0,0,0,0,1,1,1
882,0,0,1,2,0,0,0,0,1,0,1
883,0,0,0,1,0,0,0,0,1,6,1
884,0,1,1,1,0,0,0,0,1,0,1
885,1,1,0,1,0,0,0,0,1,0,1
886,1,0,0,0,0,0,0,0,1,0,1
887,0,0,0,1,0,0,0,0,1,7,1
888,1,1,1,1,0,0,0,0,1,0,1
889,1,1,1,1,0,0,0,0,1,0,1
890,0,0,1,0,0,0,0,0,1,1,1
891,1,1,0,1,0,0,0,0,1,0,1
892,0,0,1,1,0,0,0,0,1,1,1
893,1,0,1,0,0,0,0,0,1,0,1
894,1,0,0,0,0,0,0,0,1,0,1
895,1,1,0,0,0,0,0,0,1,0,0
896,0,0,1,0,0,0,0,0,1,1,1
897,1,1,0,1,0,0,0,0,1,1,1
898,1,1,0,1,0,0,0,0,1,0,1
899,0,0,0,1,0,0,0,0,1,3,1
900,0,0,1,1,0,0,0,0,1,1,0
901,0,0,1,1,0,0,0,0,0,1,0
902,1,1,0,1,0,0,0,0,1,0,1
903,0,0,1,1,0,0,0,0,1,0,0
904,0,0,0,1,0,0,0,0,1,1,1
905,0,0,0,1,0,0,0,0,0,1,0
906,0,0,1,1,0,0,0,0,0,1,0
907,0,0,0,0,0,0,0,0,0,1,0
908,0,0,0,1,0,0,0,0,1,1,0
909,0,0,0,0,0,0,0,0,0,0,0
910,0,0,0,0,0,0,0,0,0,1,0
911,0,1,0,1,0,0,0,0,0,0,0
912,0,0,1,1,1,0,1,0,0,1,0
913,1,1,1,1,0,0,0,0,0,1,0
914,0,0,0,0,0,0,1,1,0,0,0
915,1,1,0,1,0,0,0,0,0,0,0
916,0,0,0,1,0,0,0,0,0,1,0
917,1,1,0,2,0,0,0,0,0,0,0
918,0,1,1,1,0,0,0,0,1,0,0
919,0,0,0,1,0,0,1,0,0,0,0
920,0,0,0,1,0,0,0,0,0,1,0
921,0,0,0,1,0,0,0,0,0,1,0
922,0,0,0,1,0,0,0,1,0,0,0
923,0,0,0,1,0,0,0,0,0,0,0
924,0,0,0,1,0,0,0,0,0,1,0
925,0,0,1,0,0,0,0,0,0,2,0
926,1,0,0,1,0,1,0,0,0,0,0
927,0,0,1,0,0,0,0,0,0,3,0
928,0,0,0,1,0,0,0,0,0,1,0
929,0,1,1,1,0,0,0,0,0,0,0
930,0,0,0,2,0,0,0,0,0,2,1
931,0,0,0,2,0,0,0,0,0,2,1
932,0,0,0,2,0,0,0,0,0,2,1
933,0,0,0,1,0,0,0,0,0,2,1
934,0,0,0,2,0,0,0,0,0,2,0
935,0,0,0,0,0,4,0,0,0,0,0
936,0,0,0,1,0,0,0,1,0,1,0
937,0,0,1,1,0,0,0,0,0,0,0
938,0,0,0,1,0,0,0,0,0,0,0
939,1,1,0,1,0,0,0,0,0,0,0
940,1,0,0,1,0,0,0,0,1,0,1
941,1,0,0,1,0,0,0,0,0,0,0
942,1,1,1,1,0,0,0,0,0,0,0
943,1,1,0,1,0,0,0,1,0,0,0
944,1,2,0,0,0,0,0,0,0,0,0
945,0,0,1,1,0,0,0,0,0,0,0
946,1,0,0,0,0,0,0,0,0,0,0
947,2,1,1,1,0,0,0,0,0,1,0
948,2,2,0,0,0,0,0,0,0,0,0
949,2,2,0,0,0,0,0,0,0,0,1
950,1,1,0,0,0,0,0,0,0,0,1
951,2,2,0,1,0,0,0,0,0,0,0
952,1,1,0,0,0,0,0,0,0,0,0
953,2,2,0,0,0,0,0,1,0,0,0
954,2,2,0,1,0,0,0,0,0,1,0
955,3,0,0,1,0,0,0,0,1,0,0
956,1,0,0,1,0,0,0,0,0,0,0
957,1,0,0,1,0,0,0,0,0,0,0
958,1,0,0,1,0,0,0,0,0,1,0
959,1,1,0,1,0,0,1,0,0,0,0
960,1,1,0,1,0,0,1,1,1,0,0
961,0,1,0,0,0,0,0,0,0,1,0
962,2,0,2,2,0,0,0,0,0,2,0
963,1,0,0,1,0,0,0,0,1,1,0
964,1,0,0,1,0,0,0,0,0,0,0
965,1,0,0,1,0,0,0,0,0,1,0
966,1,1,0,0,0,1,0,0,0,0,0
967,1,0,0,0,0,1,0,0,0,0,0
968,0,0,0,1,0,0,1,0,0,1,0
969,0,0,0,1,0,0,2,0,0,0,0
970,0,0,1,0,0,0,5,0,0,1,0
971,2,2,0,1,0,0,0,0,0,0,0
972,2,0,0,1,1,0,0,0,1,0,0
973,1,0,0,1,0,0,0,0,0,1,0
974,1,0,0,1,0,0,0,0,0,1,0
975,1,1,1,0,0,0,0,0,0,1,0
976,1,1,0,0,0,0,0,0,0,0,0
977,1,1,0,1,0,1,0,0,0,0,0
978,1,0,0,0,0,1,0,0,0,0,0
979,0,0,0,0,0,0,0,0,0,1,1
980,1,0,0,1,0,0,0,0,0,1,0
981,0,0,0,0,0,0,0,0,0,1,0
982,0,0,0,1,0,0,0,0,0,1,0
983,0,0,1,0,0,0,3,0,0,0,0
984,0,0,0,0,0,0,2,2,0,0,0
985,1,0,0,1,0,0,2,0,0,0,0
986,1,0,0,1,0,0,1,2,0,0,0
987,1,0,0,1,0,0,0,0,0,1,0
988,0,0,0,0,0,0,2,0,0,1,0
989,0,0,0,1,0,0,0,0,1,1,0
990,1,0,0,0,0,0,0,0,0,0,0
991,1,0,0,0,0,0,0,0,0,0,0
992,1,0,0,1,0,0,0,0,1,0,0
993,1,1,0,0,0,0,0,0,0,0,0
994,0,0,0,1,0,2,0,1,0,1,0
995,0,0,0,0,0,0,0,0,0,1,0
996,0,1,1,0,0,0,0,0,0,1,1
997,2,0,0,0,0,1,0,2,0,0,1
998,2,1,2,2,0,0,0,0,1,0,0
999,2,0,1,1,1,1,0,0,1,0,1
1000,2,2,1,1,1,1,0,0,0,1,1
1001,0,0,1,1,1,0,0,0,0,1,1
1002,1,0,1,1,0,0,1,0,1,0,0
1003,1,0,0,1,0,0,0,0,0,0,0
1004,1,0,0,1,0,0,0,0,0,1,0
1005,1,0,0,1,0,0,0,0,0,1,0
1006,1,0,0,1,0,0,0,0,1,0,1
1007,1,0,0,1,0,0,0,0,1,0,1
1008,0,0,1,1,0,0,0,0,0,1,1
1009,1,0,0,1,0,0,0,1,1,0,1
1010,1,0,2,1,0,2,1,0,1,1,1
1011,1,1,1,1,1,0,0,0,0,0,0
1012,2,0,1,1,1,0,0,0,0,0,1
1013,1,1,1,1,0,0,0,0,1,0,1
1014,2,0,0,1,0,0,0,0,1,0,0
1015,2,1,0,1,1,0,0,0,0,0,0
1016,2,1,0,1,0,0,0,0,1,0,0
1017,2,0,0,1,1,0,0,0,1,1,1
1018,0,0,0,0,0,2,0,0,1,2,1
1019,0,1,1,1,0,0,0,0,1,0,1
1020,1,1,0,1,0,1,0,0,0,0,0
1021,1,0,0,1,0,0,0,0,0,0,0
1022,1,0,1,1,1,0,0,0,0,1,0
1023,1,0,1,1,0,0,1,0,1,0,1
1024,1,0,1,0,0,0,0,0,1,0,1
1025,1,1,0,1,0,0,0,0,0,0,1
1026,0,0,0,1,1,0,0,0,0,0,0
1027,0,0,1,1,0,0,0,0,0,1,0
1028,1,0,0,1,0,0,0,0,0,0,0
1029,0,0,0,1,0,0,0,0,0,1,1
1030,1,1,0,1,0,0,0,0,1,0,1
1031,1,1,0,0,0,0,0,0,1,0,0
1032,0,0,0,1,0,0,0,0,0,1,0
1033,1,1,0,1,0,1,0,0,0,0,1
1034,2,1,0,1,0,0,0,0,1,0,1
1035,1,0,0,1,1,0,0,0,0,0,1
1036,0,0,0,1,0,0,1,0,0,1,0
1037,0,1,0,1,0,0,0,0,0,0,0
1038,1,1,0,1,0,0,0,0,1,0,0
1039,0,1,0,1,0,0,0,0,1,0,0
1040,1,0,1,1,0,0,0,0,0,1,0
1041,0,0,1,1,0,0,0,0,1,0,0
1042,2,1,0,1,1,0,0,0,0,0,1
1043,0,0,0,1,1,0,0,0,0,0,0
1044,1,0,1,1,0,0,0,0,0,1,0
1045,0,0,1,1,0,0,1,0,0,2,0
1046,0,0,1,1,0,0,1,0,1,0,0
1047,0,0,0,0,0,0,0,0,1,1,0
1048,0,0,0,1,0,0,1,0,0,0,0
1049,0,0,1,1,0,0,1,0,1,0,0
1050,1,0,0,1,0,0,1,0,0,0,0
1051,0,0,0,2,0,0,2,0,0,0,0
1052,1,1,0,1,0,1,1,0,0,0,1
1053,1,1,0,1,0,1,0,0,0,0,0
1054,1,1,0,1,0,0,0,0,0,1,0
1055,1,1,0,1,0,0,1,0,0,0,0
1056,1,0,0,0,0,0,0,0,0,1,1
1057,0,0,1,1,0,0,0,0,0,0,0
1058,1,0,6,5,0,0,0,0,0,1,0
1059,0,0,0,1,0,0,0,0,0,1,0
1060,1,0,0,1,0,0,0,0,0,1,0
1061,1,1,0,1,0,0,0,0,0,0,0
1062,1,0,1,1,0,0,0,0,0,0,0
1063,0,0,0,1,0,0,1,0,1,0,0
1064,1,1,0,1,0,0,0,0,0,0,0
1065,0,0,0,1,0,0,0,0,0,1,0
1066,0,0,0,1,0,0,0,0,0,1,0
1067,1,1,0,1,0,0,0,0,0,1,1
1068,1,1,0,1,0,0,0,0,0,0,1
1069,1,1,0,1,0,0,0,0,0,0,0
1070,1,1,0,1,0,0,0,0,0,0,0
1071,1,1,0,1,0,0,0,0,0,0,0
1072,0,0,0,1,0,0,1,0,0,0,0
1073,0,0,0,1,0,0,0,0,1,0,0
1074,0,0,0,1,0,0,1,0,1,0,0
1075,1,0,0,1,0,0,1,0,0,0,0
1076,0,0,2,1,1,0,0,0,0,0,0
1077,1,0,1,4,0,0,0,1,1,0,0
1078,0,0,0,0,0,0,0,0,0,0,0
1079,1,0,1,1,0,1,1,0,0,0,1
1080,0,0,0,1,1,0,0,0,1,6,1
1081,0,0,0,1,0,0,1,1,1,0,0
1082,2,0,0,1,0,0,0,0,0,1,0
1083,0,0,1,0,1,0,0,0,0,1,0
1084,1,0,1,1,0,0,0,0,0,1,1
1085,1,1,0,1,0,0,0,0,0,1,0
1086,0,0,1,1,0,0,1,0,0,1,1
1087,1,0,0,1,1,0,0,0,0,6,0
1088,1,1,1,1,0,0,0,0,1,0,1
1089,0,0,0,0,0,0,0,0,0,6,1
1090,1,1,0,1,0,0,0,0,1,0,1
1091,0,0,0,1,0,0,1,0,0,1,1
1092,0,0,0,1,0,0,0,0,1,1,1
1093,1,0,1,1,0,0,0,0,0,1,0
1094,1,0,0,1,0,0,0,0,0,0,0
1095,1,0,0,1,0,0,0,0,0,0,0
1096,1,0,1,1,0,0,0,0,0,0,0
1097,1,0,0,1,0,0,0,0,0,0,1
1098,0,0,0,1,0,0,0,0,0,2,0
1099,0,0,0,1,0,1,1,0,1,0,0
1100,0,0,0,1,0,0,0,0,0,1,0
1101,4,0,0,1,0,0,3,0,0,0,0
1102,0,0,1,0,0,0,0,0,0,0,0
1103,0,0,1,0,0,0,0,0,0,1,0
1104,1,0,0,1,0,0,0,0,0,1,0
1105,1,1,1,1,0,0,0,0,0,1,0
1106,1,0,0,1,0,0,0,0,1,0,0
1107,1,1,0,1,0,0,0,0,0,0,0
1108,1,1,0,1,0,0,0,0,0,0,0
1109,1,1,0,1,0,0,0,0,1,0,0
1110,1,1,0,1,0,0,0,0,1,0,0
1111,1,1,0,1,0,0,0,0,1,0,1
1112,1,0,1,1,1,0,0,0,0,1,0
1113,1,1,4,1,0,0,0,0,0,0,0
1114,1,0,0,1,0,0,0,0,0,0,0
1115,1,1,0,1,1,1,1,0,0,0,1
1116,1,1,0,1,1,0,0,0,0,0,0
1117,1,1,0,1,0,0,0,0,0,0,0
1118,1,0,0,1,0,0,0,0,0,0,0
1119,0,0,0,1,0,0,1,0,0,0,0
1120,0,0,0,1,0,0,1,0,0,0,0
1121,0,0,0,1,0,0,1,0,0,0,0
1122,0,0,1,1,0,0,0,0,0,1,0
1123,1,0,1,1,0,0,0,0,0,0,0
1124,1,0,0,1,0,0,0,0,0,0,0
1125,1,0,1,1,0,0,1,0,0,0,0
1126,1,1,0,1,0,0,0,0,0,0,1
1127,1,0,1,1,0,0,0,0,1,0,1
1128,2,0,0,1,0,0,0,0,0,0,1
1129,2,2,0,1,0,0,0,0,0,0,0
1130,1,0,1,1,0,0,0,0,1,0,1
1131,1,0,0,1,0,0,0,0,1,6,0
1132,1,1,0,1,0,0,0,0,1,0,1
1133,0,0,1,0,0,0,0,0,1,1,1
1134,0,0,1,0,0,0,0,0,0,1,1
1135,1,1,0,1,0,0,0,0,0,1,0
1136,1,1,0,1,0,0,0,0,1,0,0
1137,1,0,1,1,1,0,0,0,0,0,0
1138,1,0,1,1,0,0,0,0,1,1,1
1139,0,0,2,1,0,0,0,0,1,1,1
1140,1,1,1,1,0,0,0,0,0,1,0
1141,1,0,1,1,1,0,0,0,0,1,0
1142,0,1,1,0,0,0,0,0,0,2,0
1143,1,0,1,1,0,0,0,1,1,0,0
1144,1,0,1,1,1,0,0,0,0,0,0
1145,1,0,0,1,0,0,0,0,1,0,0
1146,1,0,0,1,0,0,0,0,1,1,1
